Cava,Puntuació,id,Municipi,id_cava
Jaume Serra,978.61,64912,Vilanova i la Geltrú,171
Codorniu,838.86,89954,Sant Sadurní d'Anoia,23
Parxet,803.53,66879,Tiana,276
Llopart,797.36,2664,Sant Sadurní d'Anoia,200
Freixenet,764.01,37253,Sant Sadurní d'Anoia,139
Maset del Lleó,741.4,70327,La Granada,6249
Juvè & Camps,730.57,114202,Sant Sadurní d'Anoia,190
Vallformosa,712.44,1026,Vilobí del Penedès,360
Castillo de Perelada,711.02,107669,Peralada,262
Mont-Ferrant,688.55,423,Blanes,249
Raventós i Blanc,684.74,98980,Sant Sadurní d'Anoia,388
Gramona,675.23,172882,Sant Sadurní d'Anoia,142
Mont Marçal,672.08,395,Castellví de la Marca,253
Sumarroca,668.58,68370,Subirats,500
Torelló,667.32,7467,Sant Sadurní d'Anoia,348
Covides,655.6,26308,Vilafranca del Penedès,99
Lacrima Baccus,655.5,207724,Sant Sadurní d'Anoia,417
Bach,654.43,38313,Sant Esteve Sesrovires,20
Mas Tinell,647.79,2378,Vilafranca del Penedès,229
Cavas Hill,640.87,23438,Olèrdola,160
Segura Viudas,639.92,216,Sant Sadurní d'Anoia,340
Recaredo,639.32,52979,Sant Sadurní d'Anoia,309
Marrugat,638.81,18480,Vilafranca del Penedès,424
Miquel Pons,638.31,12440,La Granada,421
Nadal,631.53,302,TORRELAVIT,259
Bertha,629.68,64533,Sant Sadurní d'Anoia,354
Pere Ventura,625.82,105254,Sant Sadurní d'Anoia,278
Rovellats,622.02,1047,Sant Martí Sarroca,329
Freixa Rigau,619.6,3332,Capmany,138
Alsina & Sardà,617.49,43036,El Pla del Penedès,9
Rondel,615.2,1974,Cervelló,320
Raimat,609.81,175531,Raimat,305
Castellblanch,605.63,116979,Sant Sadurní d'Anoia,76
Albert de Vilarnau,605.42,21582,Sant Sadurní d'Anoia,555
Canals Canals R,595.06,675,Castellví de Rosanes,307
Robert J. Mur,594.66,233,Sant Sadurní d'Anoia,315
Agustí Torelló,594.37,3,Sant Sadurní d'Anoia,1
Roger Goulart,594.25,504,Sant Esteve Sesrovires,317
Can Quetu,591.97,399,Sant Sadurní d'Anoia,56
Oriol Rossell,591.89,6619,Castellet i la Gornal,269
Capdevila Pujol,588.2,99,Sant Sadurní d'Anoia,393
Avinyó,583.73,68204,Avinyonet del Penedès,18
Mestres,580.92,5242,Sant Sadurní d'Anoia,239
Canals y Munné,578.92,142032,Sant Sadurní d'Anoia,61
Conde de Caralt,578.37,69446,Torrelavit,91
Baldús,575.44,515,Santa Fe del Penedès,22
Portell,574.15,98556,Sarral,293
Naveran,573.51,122,Torrelavit,260
Castell d'Or,567.63,20180,Vilafranca del Penedès,3353
Fonpinet,567.07,609,Sant Sadurní d'Anoia,134
Privat,560.6,12020,Tiana,296
Jaume Giró i Giró,558.89,175532,Sant Sadurní d'Anoia,169
Lavernoya,558.05,4208,Sant Sadurní d'Anoia,196
Cabré & Sabaté - M,557.25,32368,Tabernes Blanques,3529
Agusti Torelló Roca - AT Roca,556.92,113321,SANT SADURNÍ D'ANOIA,6059
Ventura Soler,555.79,4886,Sant Sadurní d'Anoia,364
Rimarts,544.86,28933,Sant Sadurní d'Anoia,313
Giró Ribot,541.48,129,Santa Fe del Penedès,150
Jané Ventura,540.34,150,El Vendrell,167
Albet i Noya,538.26,106875,Subirats,5
Rexach Baqués,537.72,122764,Font-Rubí,311
Mascaró,537.24,957,Vilafranca del Penedès,231
Celler de l'Avi,536.36,2707,Sant Sadurní d'Anoia,558
Ferret,534.43,11031,Font-rubí,130
Castellroig,532.94,53705,Subirats,77
Canals Domingo San Sadurní de Noya,529.27,2067,Sant Sadurní d'Anoia,63
Parés Baltà,528.43,23117,Pacs del Penedès,274
Gran Amat,525.46,11974,Garriguella,394
Castelo de Pedregosa,523.55,169337,Sant Sadurní d'Anoia,79
Coop. L'Arboç del Penedès,521.84,42792,Vilafranca del Penedès,420
J. Raventós Roig,517.87,59146,Sant Sadurní d'Anoia,509
Cava,517.8,1105,-,3291
Vinya Silvia,515.92,31942,Montmeló,378
Signat,514.42,116931,Alella,341
Alta Alella,514.2,108546,Tiana,557
Pinord,514.06,112,Vilafranca del Penedès,288
Masia el Pujolet,513.33,82386,El Pla del Penedès,3268
Sogas Mascaró,513.12,25817,Vilafranca del Penedès,390
Martí Serdà,512.36,1014,Santa Fe del Penedès,217
Mont Ferrant - Parxet,511.91,115513,Tiana,6478
Emendis,511.65,24513,Barcelona,3389
Marquès de Gelida,510.26,8278,Sant Sadurní d'Anoia,210
Carles Andreu,509.97,70647,Pira,66
Loxarel,508.84,20685,Vilobí del Penedès,412
Puig Munts,502.54,274,Martorell,299
Jané Baqués,502.48,92250,El Pla del Penedès,166
Canals Casanovas,500.96,147158,Subirats,60
Montesquius,498.68,614,Sant Sadurní d'Anoia,251
Llàgrima d'Or,496.76,20720,Sant Sadurní d'Anoia,440
Mont Bató,495.71,378,Les Masies de Voltregà,401
Grimau de Pujades,493.19,1037,La Múnia,153
Massana & Noya,492.21,223,Subirats,237
Arestel,490.17,67627,Neckarsulm,4965
Duc de Foix,488.64,605,Vilafranca del Penedès,432
Mas Codina,485.46,1124,Puigdàlber,220
Rusinés,484.13,21268,Sant Sadurní d'Anoia,332
Marqués de Monistrol,483.63,394,Sant Sadurní d'Anoia,211
Joan Sardà (M.),483.48,1869,Castellbisbal,177
Roura,483.01,1020,Alella,328
Arvicaretey,482.48,4035,Sant Sadurní d'Anoia,16
El Celler Vell,480.43,2206,Sant Sadurní d'Anoia,85
bebubble - (de Vallformosa),479.24,190100,Vilobí del Penedès,8154
Comte de Subirats,476.97,85070,Sant Sadurní d'Anoia,4795
Privat - Castillo de Perelada,476.4,138386,Peralada,8241
Raventós Rosell,475.11,368,Masquefa,397
Escofet Rosell,474.51,136739,Avinyonet del Penedès,6856
Rosmas,474.28,1815,Sant Sadurní d'Anoia,326
Rosell y Formosa,473.27,14020,Sant Sadurní d'Anoia,322
Roig Virgili,472.83,19733,Sant Sadurní d'Anoia,389
Pere Olivella Galimany,472.42,119228,Font-rubí,285
Rabetllat i Vidal,471.41,7869,Sant Esteve Sesrovires,428
1601,470.44,122337,Guissona,6295
Castell d'Age,468.86,16194,Masquefa,71
Oliver Viticultors,467.65,122583,Can Batista,5901
Jaume Ventura,466.99,166,Sant Sadurní d'Anoia,172
Celler Trobat,466.67,17797,Garriguella,84
Moët & ChandonFrança (champagne),463.69,16669,Épernay,650
Josep Masachs,463.23,1311,Vilafranca del Penedès,436
Cripta,462.8,190635,Sant Sadurní d'Anoia,458
Forns Raventós,460.94,8704,Santa Fe del Penedès,135
Mistinguett,459.14,133574,Vilobí del Penedès,7570
Mas Oliver,459.07,562,Sant Sadurní d'Anoia,226
Planas Albareda,458.77,47355,Vilobí del Penedès,290
Les Tres Naus,458.07,54335,SANT JAUME DELS DOMENYS,198
Estalella,457.52,119243,Vilanova del Camí,6409
Huguet de Can Feixes,456.32,415,Cabrera d'Anoia,161
Bohigas,456.21,568,Òdena,46
Artium,455.76,85,Artés,15
Desotaterra,453.88,47515,Sant Sadurní d'Anoia,461
Castell Sant Antoni,452.48,15,Sant Sadurní d'Anoia,73
Blancher,452.25,1301,Sant Sadurní d'Anoia,39
Xic d'Alfons,451.82,54586,El Pla del Penedès,4071
Juve Masana,450.42,200296,VILAMALLA,8296
Pere Camps,450.4,74213,GRANOLLERS,484
Mont Michel,447.55,963,Sant Sadurní d'Anoia,459
Joan Sardà,447.4,172340,Castellví de la Marca,5116
Berenguer,444.06,46573,La Granada,442
Canals Nadal,443.72,27705,El Pla del Penedès,62
Jaume Llopart,441.42,31058,Font-rubí,170
Grivà,440.42,687,Cabrera de Mar,154
Torre Oria - E,438.98,17963,Requena,350
Alba Arnau,438.14,50278,El Pla del Penedès,4515
Maria Rigol Ordi,437.71,111614,Sant Sadurní d'Anoia,207
Vinícola de Nulles,437.66,99664,Nulles,387
Roser Romeu Torné,437.47,78641,Calella,4102
Santacana Roig,435.71,634,Sant Sadurní d'Anoia,422
Olivella Ferrari,434.38,4734,Peralada,264
Dibón,433.38,86753,Vilafranca del Penedès,4330
Can Ràfols dels Caus,430.03,324,Avinyonet del Penedès,57
Parellada i Faura,428.62,2357,Subirats,518
Torrents Carbó,428.56,2379,Vilanova i la Geltrú,353
Berdié Romagosa,427.89,51972,Castellví de la Marca,34
Castell del Remei,426.98,9849,Castell del Remei,3377
D'Oriell,426.83,12454,Les Masies de Voltregà,3252
Juan Miró,426.36,4499,Sant Sadurní d'Anoia,414
Pere Rius,425.83,1322,Castellví de la Marca,286
Maria Casanovas Glaç,425.66,71975,Sant Sadurní d'Anoia,205
Mumm & CieFrança (champagne),425.45,21055,Reims,674
Simó de Palau,424.84,16651,L'Espluga de Francolí,342
Muguet,423.53,115452,BARCELONA,257
Rosell Mir,423.36,161471,Subirats,324
Duran,423.3,79933,Castellví de Rosanes,517
U més U fan TRES,422.05,191981,Font-Rubí,2686
Vilamajó,422.01,31081,Sant Sadurní d'Anoia,374
Marqués de Benach,421.89,30213,La Granada,6269
Mas de la Basserola,421.56,4498,El Pla de Manlleu,221
Torrens Moliner,420.56,300,Sant Sadurní d'Anoia,352
Gran Barón - (Vallformosa),420.5,13979,Vilobí del Penedès,431
Bolet,420.01,18369,Castellví de la Marca,47
J. Mir Vidal,419.54,959,Sant Sadurní d'Anoia,243
Martín Soler,419.44,9174,Vilafranca del Penedès,218
Genèriques colors,419.39,509,-,3508
Tres Tombs,419.04,25207,Avinyonet del Penedès,610
Colomer Costa,418.88,2018,Sant Sadurní d'Anoia,503
El Celleret,418.12,71623,Sant Sadurní d'Anoia,4100
Castell de Vilarnau,415.95,257,Sant Sadurní d'Anoia,74
Cases Ribalta,413.56,2050,Barcelona,488
Nu Allongé,412.68,101531,Castellet i la Gornal,261
Josep M. Ferret  Guasch,412.64,32655,Font-Rubí,182
Masia Torreblanca,412.26,2674,Sant Miquel d'Olèrdola,235
Colomer - (Bernat),411.98,2274,Sant Sadurní d'Anoia,90
Ferret i Mateu,411.17,17749,Santa Margarida i els Monjos,131
Vives Ambròs - Aida de,411.02,50662,Montferri,379
Romagosa Torné,410.93,538,Sant Martí Sarroca,319
Cardoner,410.81,80,Sant Sadurní d'Anoia,65
Eclosió - (de A & S),410.62,191648,El Pla del Penedès,8181
Monegal Cerdà,409.6,68977,Sant Feliu de Guixols,429
ClicquotFrança (champagne),409.36,23879,Reims,656
Miret,408.53,140,Barcelona,244
Marques de la Concordia - M,408.49,203959,Madrid,7423
El Mas Ferrer,407.58,1412,Subirats,121
Varias,407.31,38022,Sant Sadurní d'Anoia,5428
Magrinyà Calaf,406.2,126,Nulles,202
Jaume Creixell,406.19,2729,Barcelona,168
Trias,406.1,43525,Vilafranca del Penedès,355
Alsinac - (M.),404.68,120356,Vilafranca del Penedès,5255
Chandon,403.11,594,-,86
Solium,401.71,21302,Sant Sadurní d'Anoia,407
J. García Carrión Vegaverde - E,401.67,78837,Daimiel,4192
Terrer de la Creu,401.29,26743,Manresa,3465
Empreses,400.76,12036,-,108
Arxiduc de Mont-Palau,398.3,93102,La Granada,17
Soler Jové,398.02,5862,Sant Sadurní d'Anoia,344
Júlia Bernet,397.33,9722,Subirats,504
El Xamfrà,396.85,718,Sant Sadurní d'Anoia,380
Olivella i Bonet S.A.,396.1,448,L'Arboç,265
Guilera,395.44,260,Subirats,155
DonelliItàlia ICRF,394.55,2926,Gattatico,659
Gibert,394.04,1551,Artés,148
L'Origan,393.94,4273,Sant Sadurní d'Anoia,450
Louis de Vernier,392.3,137163,Torrelles de Foix,444
Masachs,391.9,38225,Torrelles de Foix,230
Empreses - Caixa Penedès,391.77,12037,-,108
Masia d'Or,390.65,136991,Santa Fe del Penedès,5723
Dominio de la Vega - E,389.47,33664,San Antonio,456
Parató,389.07,633,El Pla del Penedès,273
Monastell,388.93,4030,Sant Sadurní d'Anoia,247
Coop. Llorenç del Penedès,388.93,726,Llorenç del Penedès,94
Montsarra,388.84,3847,Torrelles de Foix,254
Mas Suau,388.63,36768,La Granada,502
Julià & Navinés,388.32,28334,Font-Rubí,187
Roig y Ollé,387.35,52077,Sant Sadurní d'Anoia,464
Es Trac,385.85,29379,Barcelona,515
Sadurní Comas Codorniu,385.76,677,Sant Sadurní d'Anoia,334
Fuchs de Vidal,385.66,456,El Pla del Penedès,141
D'Ishern,384.32,1416,El Papiol,112
Canals & Nubiola,382.93,4950,Sant Sadurní d'Anoia,59
Dolina - Vall Dolina,381.22,93365,Olesa de Bonesvalls,4540
Langa - E,380.85,26430,Calatayud,195
Capità Vidal,379.86,122951,El Pla del Penedès,64
Vinya Escudé Maioles,378.25,10817,Sant Quintí de Mediona,3247
Berral i Miró,377.42,76771,Sant Sadurní d'Anoia,37
Anna Amigó Agulled,376.82,31267,Sant Sadurní d'Anoia,605
Benito Escudero - E,376.6,17,Grávalos,33
Bonet & Cabestany,375.34,3141,Sant Sadurní d'Anoia,50
Casteller - Covides,375.1,130694,Sant Sadurní,6505
Valldosera,375.0,1919,Olèrdola,359
René Barbier,374.42,29213,Sant Cugat de Sesgarrigues,3464
J. Colet,374.4,10139,Pacs del Penedès,181
Gorg del Glaç,373.97,2709,Sant Jaume dels Domenys,877
Rosell & Gallart,373.82,211,Sant Sadurní d'Anoia,323
Anna Gabarró,373.45,1580,Piera,11
Mas Bertran,372.3,32984,Sant Martí Sarroca,3457
Torné & Bel,372.28,717,Sant Sadurní d'Anoia,349
Casteller,372.22,327,Vilafranca del Penedès,392
Gran Ducay Bodegas - E,372.16,11905,Cariñena,3256
Cuscó i Comas,372.04,3396,Piera,102
Espelt,371.97,109538,Vilajuïga,127
"Capel Vinos, S.A. - E",371.76,21883,Espinardo,3390
Olivé Batllori,371.1,2975,Subirats,263
Faustino - E,370.61,1060,Oyón,129
TaittingerFrança (champagne),370.53,27404,Reims,706
Josep Carreras,367.46,696,Sant Llorenç d'Hortons,180
Ferré i Catasús,367.21,582,La Granada,4573
Francesc Ollé Amat,366.73,127,Castellví de Rosanes,137
Castell de Marmeralt,364.37,22710,Les Masies de Voltregà,460
Celler Mariol,364.3,1368,Batea,469
Cum Laude,364.09,81723,Sant Sadurní d'Anoia,100
Lluís Guitart,363.55,89625,Artés,451
Maria Oliver Portí,363.16,4679,Sant Sadurní d'Anoia,206
Grau Dòria,362.62,55420,Canyelles,152
RS Ràfols Surià,361.75,8646,Sant Sadurní d'Anoia,303
Esmel J. Esmel San Sadurní de Noya,360.7,1165,Sant Sadurní d'Anoia,126
Alella Vinícola Can Jonc,360.41,12744,Alella,6
Gabarró Isart,357.91,2156,Piera,143
Civ & CivItàlia,357.82,2219,Castelfranco Emilia,658
Mil·liari,357.51,230,La Bisbal del Penedès,240
Olivella Ventosa,357.47,12350,Font-Rubí,267
Pagès & Entrena,357.35,147361,Piera,270
Grimau de Pujades - M. T.,355.14,120794,Olèrdola,6149
Samuntà,355.1,140346,Olèrdola,5497
Àngela Marquès Rigol,354.66,2049,Torrelavit,505
Abadia de Montserrat - M,351.79,135091,Puerto de Santa Maria,6799
Grup Sèries - Diari Tarragona,351.57,2471,-,520
Via de la Plata - E,347.53,133113,Almendralejo,367
Bodegas Bilbainas - E,347.47,336,Haro,41
Conde de Valicourt,346.48,23994,Sant Sadurní d'Anoia,92
Delapierre,345.81,6926,Sant Sadurní d'Anoia,111
Joan Piñol Torrents,345.03,67745,El Pla del Penedès,176
Domènec Jové Martí,344.62,3342,Sant Martí Sarroca,113
Pont Vell,344.34,1217,Montblanc,291
Talino - Pervers d'Talino,344.04,98469,Sitges,5904
Masia Sagué,343.52,353,Les Cabanyes del Penedès,384
Farré-Garriga,343.4,1987,Caldes de Malavella,128
Dama de Coll de Juny,341.41,2155,Sant Sadurní d'Anoia,508
Babot,340.84,60643,Sant Sadurní d'Anoia,19
Duque de Montebello,338.65,1637,Viladecans,118
Carles Rocha,338.14,1290,Matadepera,68
Vidal i Ferré,337.55,360,Aiguamúrcia,368
"Roederer, LouisFrança (champagne)",337.04,43663,Reims,707
Musteus,336.89,47475,La Bisbal del Penedès,4579
Grivà - (M),334.59,132193,Sils,6699
"Abelé, HenriFrança (champagne)",334.13,8095,Reims,655
Botigues - Celler de Gelida,333.61,34542,Gelida,487
Mas Comtal,333.6,979,Avinyonet del Penedès,241
Guillem Carol,332.96,18586,Subirats,156
Almirall,332.82,26225,Sant Sadurní d'Anoia,7
L'Alzinar,332.25,5058,Sant Sadurní d'Anoia,194
Cuscó Berga,331.55,58188,Avinyonet del Penedès,101
Beneit,331.22,1440,Sant Sadurní d'Anoia,31
Marcet,330.5,995,Sant Sadurní d'Anoia,204
Sanstravé E,330.39,1369,Solivella,336
Mas Candí,329.88,128621,Les Gunyoles d'Avinyonet del Penedès,4093
Reymos - E,329.44,36678,Xeste,4090
Isabel Ventura Mavlyutova,329.42,76519,Subirats,4474
Sardà - (M.),328.65,827,Castellví de la Marca,437
Eulàlia de Pons,328.27,12456,La Granada,481
Torres Prunera,328.18,41307,Vilafranca del Penedès,425
Rekondo,327.63,10126,El Masnou,8725
RI - I.C.R.FItàlia,327.05,2217,.,826
Aires de Tramuntana,326.86,1926,Vilamalla,4465
Mas Mascort,326.59,32214,Sant Quintí de Mediona,3547
Solà Raventós,325.75,51444,Sant Sadurní d'Anoia,343
Bonaval - E,325.23,137796,Almendralejo,48
Alsinac,324.71,29858,Vlafranca del Penedès,3358
Mas Montcau,324.71,329,Sant Sadurní d'Anoia,225
Cal Damià,324.35,908,Sant Sadurní d'Anoia,54
Renardes,324.25,48815,El Pla del Penedès,572
Magust,320.38,100,Sant Pere de Riudebitlles,203
Joan i Pere Pons Font,320.11,148,La Granada,175
Butí Masana,320.05,72105,Sant Sadurní d'Anoia,52
Tutusaus,319.36,67300,Olesa de Bonesvalls,357
Portium,319.1,48284,Masquefa,4535
Medici ErmeteItàlia,319.07,2863,Reggio Emilia,660
Restauració,318.97,3791,-,3
Coop. Nulles,318.89,49,Nulles,97
Coop. L'Espluga de Francolí,318.79,922,L'Espluga de Francolí,96
Marquès de Sarnella,318.65,24305,Girona,3513
Terra Terrae,318.5,151007,Vilafranca del Penedès,6299
Bodegas Vegamar - M,318.38,46457,Calles,3369
Analec,317.6,51092,Nalec,4040
Associacions i clubs,317.48,107027,-,395
D'Abbatis,317.31,26961,La Secuita,4538
Cal Puig,316.37,47364,Calella,4370
Laviret,315.59,115455,Blanes,6234
Sala Casanovas,314.34,6079,Barcelona,651
Mas Macià,314.01,3897,Òdena,224
Montsant,313.87,351,Sant Sadurní d'Anoia,399
BollingerFrança (champagne),313.84,15505,Aÿ-Champagne,653
Castell de la Comanda,313.71,2377,Barberà de la Conca,552
Elementum Ad Fontes,313.2,216276,Sant Sadurní d'Anoia,6164
Avida Cava,313.02,22268,L'Hospitalet de Llobregat,3323
Can Ramon Viticultors de Montgros,312.51,35596,Sant Pere de Ribes,4187
Reverté,312.15,48796,Salomó,3995
Artis Arrufat,310.3,805,Vallirana,14
Roger Bertrand,310.18,39205,Sant Sadurní d'Anoia,560
Descregut,309.41,114884,Vilobí del Penedès,8278
Decordi VinicolaItàlia (ICRF),309.33,37238,Motta Baluffi,844
Laurent PerrierFrança (champagne),308.73,2715,Tours-sur-Marne,657
Clos La Soleya - (de Xamfrà),308.59,135413,Sant Sadurní d'Anoia,7585
Markel,308.34,13118,Santa Margarida i els Monjos,402
2004,308.04,1479,-,470
Antonieta Batllori,307.09,2932,Subirats,478
Pago de Tharsys - E,306.72,28468,REQUENA,832
Fèlix Massana Ràfols,306.25,87309,Subirats,472
Pere Munné Duran,306.16,210,Piera,284
Mas Pujadó,306.14,96592,Subirats,227
L'Aixertell,305.41,2054,Sant Sadurní d'Anoia,193
Mazard - Heretat Cal Rubio,304.33,2668,Santa Margarida i els Monjos,441
Solés & Salvà,304.03,20176,Girona,7907
Rosa Maria Torres,303.53,10270,Sarral,321
Coll Font,303.48,1291,Sant Pere de Ribes,89
Alba Blanc,302.39,2,-,4
Robert de Tamir,301.44,3439,Vilafranca del Penedès,6265
La Xarmada,300.87,4391,Pacs del Penedès,192
Torres Valls,299.6,2000,Vilafranca del Penedès,426
Mas Galí,298.95,44478,Sant Sadurní d'Anoia,1367
Joan Colet Rius,298.39,168834,Sant Sadurní d'Anoia,4186
Gibasch,298.11,880,Sant Sadurní d'Anoia,147
Abbazia VinicolaItàlia (ICRF),297.85,34326,Santo Stefano Belbo,840
Coop. Vila-Rodona,297.78,709,Vila-Rodona,98
PommeryFrança (champagne),297.77,2598,Reims,677
Puigmoltó,297.4,13455,Castellet i la Gornal,300
Ca' de MediciItàlia,295.85,2223,,1067
Amorany,295.08,160266,Tiana,8159
Painous,295.01,2066,Torrelles de Foix,506
Vimont,294.15,41333,Sant Sadurní d'Anoia,3689
Pedro Masana,294.09,25868,Barcelona,279
Freixenet - Casa Sala,294.01,62763,Sant Quintí de Mediona,4468
Catasús & Casanovas,293.98,1777,Sant Sadurní d'Anoia,80
Peret-Fuster,293.91,96567,-,5254
Arnan Deloi,293.73,814,Torrelles de Foix,438
Miguel TorresXile,292.99,9862,Curicó,1278
Albert Perrín,292.86,2819,Sant Sadurní d'Anoia,565
Vins del Terme - (Masachs),292.38,198950,Vilafranca del Penedès,8270
Isach Balcells,292.3,25687,Sant Sadurní d'Anoia,163
Perecaula,292.04,119819,Vilafranca del Penedès,6005
Palau Solà,291.97,149,El Pla del Penedès,272
Mas Jornet,291.93,1583,Santa Margarida i els Monjos,223
Josep Llopart,291.91,9349,-,3264
Martí Grau,291.89,114143,Sant Martí Sarroca,6086
Na Sol de Rechenna - E,291.15,43359,Requena,4270
Ivette,290.95,210719,Sant Sadurní d'Anoia,5896
Ivan Saldanya,290.84,1863,Cabrera d'Anoia,164
De Muller,289.81,34851,Reus,4357
Heretat Mont-Rubí,289.66,815,Font-Rubí,159
Clos Montblanc,289.54,39395,Barberà de la Conca,4174
Celler Sant Ponç,289.32,1434,L'Arboç,83
Genís Ricart,288.89,173,Castellví de la Marca,146
Don Conde,288.5,561,Sant Sadurní d'Anoia,115
Xamós,288.15,2036,Barcelona,381
RuinartFrança (champagne),287.85,5474,Reims,696
Lalanne - E,287.34,4851,Barbastro,612
Billecart-SalmonFrança (champagne),287.22,3425,Aÿ-Champagne,667
Cum Laude - CP,286.82,120354,Sant Sadurní d'Anoia,5895
Josepha Seve Marigó,286.17,1431,Sant Sadurní d'Anoia,184
Senyor de Mont-Palau,285.96,98833,La Granada,452
VG Vicente Gandia,285.39,86069,Chiva,9050
Chamcalet,284.88,92101,Sant Sadurní d'Anoia,5209
Valldegata - M,284.78,9872,Arenys de Mar,213
Teresa Mata,284.33,978,Sant Sadurní d'Anoia,457
Cavalló Graula,284.3,51129,Gavà,4194
Dogma,284.24,73489,Pontons,404
Sala VivéMèxic,283.72,6896,Querétaro,1328
Marc Martí,283.67,29783,Sant Sadurní d'Anoia,516
Duc de Rosanes,283.42,1483,Castellví de Rosanes,477
Cup de Cairons,282.86,793,Sant Joan Despi,4519
Ana Ferret Raventós,282.08,1394,Sant Pere de Riudebitlles,473
Joan Rovira Baqués,281.41,74264,Sant Sadurní d'Anoia,5108
Miquel Pons Montargull,280.96,4267,-,7325
Pere Barnada,279.97,58574,Barcelona,2679
Empordàlia,279.26,95987,Vilajuïga,4695
Suriol,279.06,1421,Font-Rubí,58
Ninavinatera,278.36,149289,Barcelona,7287
Celler dels Plans,276.99,32219,Barcelona,3603
Joan Bundó Pons,276.93,539,Pacs del Penedès,173
Emilia Freixedas,276.81,70060,El Vendrell,4570
Casamartina i Malet,276.4,2128,,70
Vardon Kennett - de Miguel Torres S.A.,276.4,142356,Mediona,7040
Vilajó,276.37,1945,Capellades,373
Mar Salada By I Tant Vins,276.21,118989,Castelldefels,6875
Amànima,275.92,122577,Sant Sadurní d'Anoia,5968
Rubinat,275.86,84303,Sant Sadurní d'Anoia,3754
Ramon Nadal Giró,275.4,19591,El Pla del Penedès,483
Durand Vve.França (champagne),275.27,10363,,1821
Botigues,275.04,1196,-,487
Xepitus,274.92,36982,Sant Sadurní d'Anoia,573
Duc de Benach,274.04,13254,La Granada,6270
Bodegas Bordejé - E,273.5,3816,Ainzón,577
Perrier JouetFrança (champagne),272.17,33734,Épernay,765
Pedro Rovira,272.08,2125,,280
Bastets,271.58,89831,Sarral,5487
Mas Cancolomé,271.47,60820,Castellet i la Gornal,4987
Piteus - (M),271.11,5857,San Andreu de la Barca,6546
Francesc Ollé Amat - (M.),270.86,138629,Castellví de Rosanes,5375
Masia Perelada,270.7,72272,Peralada,5070
Muscàndia,270.14,127751,Sant Sadurní d'Anoia,5220
Coop. Cambrils,269.92,46,CAMBRILS,95
Cristina Ventura - C V,269.51,84150,Sant Sadurní d'Anoia,5285
L'Olivera,269.38,57069,Vallbona de les Monges,2438
Celler Cooperatiu  La Granada,269.08,19737,La Granada,82
Trias-Batlle (M.),268.31,105315,Vilafranca del Penedès,6423
Castell de Pujades,268.3,152461,Barcelona,6325
Claverol,268.23,2016,Subirats,501
Ball i Gran,268.08,802,Sant Sadurní d'Anoia,24
Coviñas - E,267.96,43762,Requena,4274
Maians Vell,266.52,33088,Maians,396
Celler Batlle,266.24,87053,Avinyó Nou,748
Ses Vernes,265.86,73414,Blanes,5484
Gavarnié,265.21,630,Piera,144
Oficials,265.06,1520,-,105
Vega Medien - E,265.02,45299,Requena,3480
Monjoy,263.88,629,Sant Pere de Riudebitlles,248
Anglada,263.3,2291,Sant Sadurní d'Anoia,10
Espinaler,262.17,133438,Vilassar de Mar,7428
Lombardini CantineItàlia,261.98,17482,Novellara,888
Palacio de Bornos - E,261.95,8702,Rueda,833
Commemoratives,261.92,9430,-,737
DeutzFrança (champagne),261.57,4205,Aÿ-Champagne,684
Matèria Viva Siglo XIX La Phylloxera,261.51,919,Vallromanes,4682
Sense alcohol,259.96,144148,-,8731
Pere Mata,259.44,1510,Sant Sadurní d'Anoia,283
Xebrat,259.39,813,Sant Sadurní d'Anoia,443
Bellavita Casa Vin.Itàlia,259.39,2865,Missaglia,2737
Gran d'Art,259.15,8259,Subirats,492
Castell de Biart,257.64,11275,Vilarnadal,511
Juan Mestre,257.49,98,Tiana,186
M. Bosch,257.33,44327,Granollers,4971
Roger Marsal,257.23,1397,Sant Sadurní d'Anoia,474
Pirules d'Altres Autonomies,257.03,155265,-,3925
Portell I Farrús,256.91,838,Piera,294
Pedro J. Ventura,256.75,939,Sant Sadurní d'Anoia,455
Piper - HeidsieckFrança (champagne),256.62,68013,Reims,722
Coop. Albinyana,256.08,32720,Albinyana,496
Giró del Gorner,255.94,2126,Puigdàlber,149
"Vivas Bou, J.",255.84,13673,Barcelona,670
ChiarliItàlia,255.82,26234,Modena,664
Bodegas Hispano Suizas - E,255.11,7866,València,3906
Vell Tribac,254.54,3818,Maçanet de la Selva,362
Castell de Calders,254.46,391,Reus,4961
Raventós Soler,254.33,16405,Sant Sadurní d'Anoia,308
Montau de Sadurní,253.42,1808,Begues,250
Carta Universal,253.41,2153,Sant Sadurní d'Anoia,69
Barraló,253.22,1499,Sant Sadurní d'Anoia,27
Emprius,253.12,72913,La Garriga,5076
Palau & Farré,252.43,59213,Gelida,271
Villa Conchi - Bodegas Villa Conchi,252.2,100487,Vila-Rodona,5751
Montferry,251.99,441,Santa Margarida i els Monjos,252
Quilez,251.75,2336,Barcelona,302
Arjau,251.62,1459,Palafrugell,13
Beatriz de Cardauneur,251.54,303,Vilafranca del Penedès,29
Puig Amat,251.22,3985,Bell-lloc,298
Pere Abadal,250.26,1492,Barcelona,282
Ramón Raventós,250.12,149868,Avinyonet del Penedès,7696
Masia Freixe,249.83,695,Piera,762
Grabuach,248.17,358,Font-rubí,151
Biel-lo,247.75,9487,La Llacuna,4198
Zuviria,247.4,41129,Banyeres del Penedès,4765
Campo Viejo - M,246.94,83184,Logroño,3482
Josep M. Ferret Guasch,246.78,31706,Font-Rubí,182
LafitteFrança (champagne),246.67,3969,Pauillac,2080
MercierFrança (champagne),246.42,4156,Épernay,691
Mont d'Arac,246.23,68702,Vilobí del Penedès,462
Gran Sativa,244.78,164221,Sant Sadurní d'Anoia,4521
Maria Isabel León,244.21,16632,,8554
1714,244.16,10466,Castellví de la Marca,5962
Genèriques - Champ. ClassiquesFrança (champagne),244.16,6855,-,3927
Rocabruna,244.13,9166,Torrelavit,316
Bartolí,243.94,13965,Sant Sadurní d'Anoia,28
Giacobazzi -Itàlia (ICRF),243.93,68919,Modena,809
Esplet de Gran Anyada,243.69,13462,Esparreguera,4363
Tura D'Arnau,243.55,1433,Terrassa,356
Gaya & Aguilera,243.45,2200,Santa Oliva,145
"Compañía Champañera, S.A.",243.12,2114,Sant Sadurní d'Anoia,53
Font i Jordana,242.12,3064,Les Franqueses del Vallès,133
Torrallardona,241.85,59007,Sant Sadurní d'Anoia,3303
Hoya de Cadenas - M,241.7,46955,Chiva,4328
Mont Charell - C.P.,241.48,55201,Sant Sadurní d'Anoia,4612
Catania,241.16,106396,Terrassa,3316
Mont Caranac,241.13,22863,L'Arboç,3357
Heidsieck MonopoleFrança (champagne),241.09,24349,Reims,1999
Abbazia VinicolaItàlia (ICRF),241.09,12904,,840
Domènech Ferrer,240.88,1913,La Granada del Penedés,114
Celler Can Pereclara,240.37,55203,Calonge,568
Varis Marquistes,239.74,91119,,8563
Charlotte Rigaud,239.66,132016,-,7886
"Empreses, sèries",239.42,3097,,4009
FeuillatteFrança (champagne),238.34,15140,,757
Bodegas Muga - E,238.05,98941,-,713
Roca Gibert,237.47,45006,Sant Sadurní d'Anoia,418
Joan Marina,237.38,9691,Sant Sadurní d'Anoia,761
Entrena & Prados,236.97,439,TERRASSA,124
Can Morral del Molí,236.6,120939,Abrera,5764
Paul Cheneau,236.57,13420,Santa Fe del Penedès,277
Giacobazzi -Itàlia,236.49,9615,,809
1909,236.19,141640,-,7329
Coop. Agrícola Garriguella,235.9,104595,Garriguella,5866
Joan Ferrer Bigorra,235.72,34146,OLESA DE MONTSERRAT,3595
Lligams,235.18,90774,Viladecans,5743
L'Anae,234.85,98590,Vilanova del Vallès,5109
Caytusa - E,234.6,34857,Ainzón,585
Castell de Bell Esguard,234.57,1497,-,72
Vinya de Coll-Bas,234.48,21726,Sant Joan Despi,3356
Universitat Rovira i Virgili,234.23,2397,Constantí,5903
Lincon,234.18,2665,Sant Sadurní d'Anoia,199
Coop. Calafell,233.73,18578,Calafell,495
Mas Romaní,232.63,31874,Font-Rubí,576
Just Presents,232.36,3403,Piera,189
Masia Can Mayol,231.75,2060,Vilobí del Penedès,233
CinzanoItàlia,231.69,10827,,666
LansonFrança (champagne),231.55,49657,,2098
F. Baqués Rovira,231.17,1598,Santa Margarida i els Monjos,25
Mont Paral,231.09,13660,Castellví de Rosanes,3300
Ametller,230.99,199435,La Morera de Montsant,416
Blanca Flor,230.23,28428,Blancafort,498
S. Roig,229.81,10490,Sant Sadurní d'Anoia,3514
Silvia Cusachs,229.8,808,Sant Pere de Riudebitlles,439
Almuzara Carreras,229.71,628,Sant Llorenç d'Hortons,8
RR Sadurní,229.65,37083,Olérdola,4188
Viladellops,229.18,1570,Viladellops,372
Portabella & Coma - M,229.14,2157,PALMA DE MALLORCA,292
De CazanoveFrança (champagne),229.09,10622,,764
Cap de Ruc,228.98,129919,Cornudella de Montsant,5921
El Meu Avi,228.92,29499,Sant Sadurní d'Anoia,8876
Comte de BrismandFrança (champagne),228.91,18817,,3387
Chateau d'Arnoc,228.82,9345,La Beguda Baixa-Masquefa,482
Joan Francesc,228.67,3947,-,3458
Jung Redemann,228.62,1247,-,188
Helenia,228.56,45083,BARCELONA,4429
Xavier Tous Font,228.14,21475,Subirats,383
Prada a Tope - E,228.05,4725,EL BIERZO,3257
Vendrell & Baqués,227.75,14674,Avinyonet del Penedès,6273
"Associacions i clubs, sèries",227.21,89958,,4018
Bodegas Trobat,226.92,43791,Garriguella,4884
Sants Farré,226.65,89336,-,339
Josep Foraster,226.36,136873,Montblanc,6881
2005,225.86,151889,-,7259
Union de St-GallFrança (champagne),225.56,6848,,775
Josep Mitjans,225.42,13101,-,3288
Perbat,225.1,1007,Torrelavit,281
DelamotteFrança (champagne),224.78,2713,,741
Francesc Ricart - M,224.72,97914,Logroño,5665
ChanoineFrança (champagne),224.61,16684,,1588
Estel d'argent,224.31,52900,-,4585
Empreses - Hite,223.92,3212,,108
Barnils,223.39,375,Castelldefels,4796
DrappierFrança (champagne),222.87,2824,,1072
La Gresca - Vinos del Paseante la Gresca,222.22,108527,Sant Sadurní d'Anoia,5967
Jean Perico,221.19,2731,Sant Sadurní d'Anoia,562
Vila i Durán,221.15,2074,-,369
Costers del Sió,220.93,113986,Balaguer,5906
Catalonia,220.56,31031,Sitges,5523
Fríguls,220.1,1203,Sant Sadurní d'Anoia,140
Cellers Camp de Tarragona,219.85,999,La Secuita,391
MartiniItàlia,218.96,2860,,665
Blanch,218.93,1578,Puigpelat,38
Volaverunt,218.49,3328,-,3934
Pendents - General,218.46,138203,,8293
Moliner & Camps,218.4,46597,Sant Sadurní d'Anoia,4338
ChenetFrança (mousseux),218.33,5624,,945
Lo Castell de Baix,218.09,10242,-,3461
Vinícola del Nordest,217.26,11076,Mollet de Peralada,376
Mas de Sant Iscle,216.99,69677,Sant Fruitós de Bages,222
Marc Miquel Forés,216.79,16683,-,607
Batllori,216.63,198924,Subirats,9144
Mas Xarot,216.56,27769,San Sadurní d'Anoia,893
Marina & Oriol,216.5,53634,Cunit,5342
Permont's,216.31,207768,Sant Sadurní d'Anoia,4550
Ballesgran,216.07,3936,-,580
Calderé,215.71,1147,El Pla del Penedès,55
Juan Pagès,215.29,64166,Piera,493
Elionor de Broch,215.13,31833,Sant Sadurní d'Anoia,3399
Castell del Mirall,214.31,635,La Granada,75
Galda,214.3,95591,Òdena,5805
MartelFrança (champagne),214.21,17370,,2230
Marguery (M.),213.85,29706,Barcelona,4123
Cal Llusià,213.53,58674,Artés,735
EmilleFrança (champagne),212.73,17423,,1832
Vives Molins,212.43,8710,,3321
Joan Segura Pujadas,212.06,878,Torrelavit,178
Gabarró Isart - M,211.97,158243,Piera,7295
Castells Vintró,211.57,4043,Sant Sadurní d'Anoia,78
Via Mercadera,211.44,7896,,601
Barza,210.97,54113,Brussels,4610
"Genèriques - ""Champagne"" (litografiades)França (champagne)",210.74,11792,-,8890
Bodegas Romale - E,210.44,38050,Almendralejo,3530
Jaume Grau Grau,210.38,41901,Maians,4240
Bodegas Castaño - E,209.91,3563,Yecla,42
Eloqüent - (Covides),209.91,228151,Vilafranca del Penedès,8422
Nitus,209.73,460,Sant Sadurní d'Anoia,410
Colom - Restauració,209.7,11726,,3
Mont Carmany,209.46,9153,Bell-lloc,427
Celler Roca Grossa,209.04,13365,Lloret de Mar,3548
Castell de Leonard,208.99,5891,Piera,715
Vinya Le Boixet,208.93,3880,Sant Llorenç d'Hortons,564
Pacto de Familia,208.66,43870,Sant Llorenç d'Hortons,608
Lleser de Virós,208.55,57702,Pacs del Penedès,3251
Fires i festes,208.47,16828,-,106
Mata Gabarró,208.46,1445,Sant Sadurní d'Anoia,238
Caber,207.98,54727,Sant Llorenç d'Hortons,747
Espuma del Mar - M,207.97,44603,Es Castell,4271
Canard - DuchêneFrança (champagne),207.76,11352,Ludes,770
GossetFrança (champagne),207.58,2823,Aÿ-Champagne,705
Coop. Banyoles,206.63,4327,Banyoles,604
Masia Ginebreda,206.46,181901,Sant Sadurní d'Anoia,5132
Maralba,206.11,79723,Sant Sadurní d'Anoia,712
Murviedro - M,206.1,56718,Requena,4657
Particulars,205.72,115448,-,4449
Divinetum,205.68,9763,-,3627
Floridablanca,205.34,210036,San Sadurní d'Anoia,6247
Cafe de ParisFrança (mousseux),205.21,20758,,925
Carles Pons i Espona,205.16,32164,Martorell,3467
MontaudonFrança (champagne),204.85,4037,Reims,711
Mungust,204.84,8756,Piera,258
Cremant d'AlsaceFrança (mousseux),204.34,4040,Marlenheim,954
Molí d'en Coll,203.81,28802,Olèrdola,246
Aregall,203.31,168102,Corbera de Llobregat,6418
Bodegas Martín Códax S.A. - M,203.16,129762,Cambados,7448
Trepat de la Conca,202.9,22744,L'Espluga de Francolí,609
Núria de Montargull,202.87,153729,La Granada,7321
GanciaItàlia,202.6,2888,Canelli,726
Varis Cava,202.37,57286,-,8562
Castillo Chiara,202.34,22397,Bell-lloc,752
Pol RogerFrança (champagne),202.26,3659,Épernay,675
CavicchioliItàlia,202.17,2862,San Prospero,828
Mercat - (Xamfrà),202.16,135942,Sant Sadurní d'Anoia,7911
Finca La Estacada - M,202.1,34231,Tarancón,3553
Castell de Ribes,201.35,43531,Castellbisbal,5386
Fiona,200.91,18131,,8820
Yllera - E,200.78,24423,Rueda,553
Sèries,200.77,34100,-,107
Félix Solís Bodegas - E,200.63,152658,Valdepeñas,7288
Mont-Picolis,200.47,154550,Vilobí del Penedès,7725
VrankenFrança (champagne),200.39,4663,Reims,676
Consumer,200.04,1951,-,93
Roser Sisó,200.03,2658,Lleida,325
Mas Gusó,199.78,88836,Sant Pere Pescador,4813
De VenogeFrança (champagne),199.72,16929,Épernay,1781
Palau Gazo,199.55,797,Castellví de la Marca,5293
Scriptvm est,199.41,4500,Vilanova i la Geltrú,3646
Ondarre - E,199.37,2158,Viana,268
Nit de Lluna Plena - E,197.84,224088,Girona,8374
Forrellad,196.56,6221,,136
Josep Moris Pi,196.28,440,Sant Cugat Sesgarrigues,183
Masia Puigdassé,196.01,9778,,4514
Fermí Font,195.78,1398,Sant Sadurní d'Anoia,471
Berral i Miró.,195.77,33379,Sant Sadurní d'Anoia,8638
Marquès & Camps,195.6,3573,Sant Sadurní d'Anoia,208
Miret i Rigual,195.29,32002,Sant Cugat Sesgarrigues,409
Coop Agrícola Garriguella,195.07,118795,Garriguella,6453
MionettoItàlia,193.62,2879,Valdobbiadene,758
JacquartFrança (champagne),192.82,10730,Reims,716
Ca l'Eugeni,192.81,24798,SANT SADURNÍ D'ANOIA,802
Rovira Riba,192.77,17769,,8704
Espelta,192.46,41994,El Figaro,3463
Rosell Raventós,192.28,13197,Sant Sadurní d'Anoia,4606
Torre Marimón - IRTA,192.07,3693,Caldes de Montbui,5107
Celler Cooperatiu La Granada,192.06,44201,La Granada,82
Sant Llogari,191.96,3363,Monistrol de Calders,4980
"Botigues, sèries",191.76,24143,-,4019
Bossuet,191.26,328,Vilafranca del Penedès,51
Cal Feru,191.08,20144,Sant Sadurní d'Anoia,3569
Bonet,190.54,30467,Gelida,745
Eva Sidra Eva Extra Sidra Jai-alai Extra - E,190.14,129406,Lecumberri,6613
Albero - M,190.13,53970,Ronda,5257
Picher,189.64,33801,Piera,287
Barbadillo - M,189.38,72466,Sanlúcar de Barrameda,5059
Terra de Marca,188.9,46675,Castellví de la Marca,408
Can Bartomeu,188.65,6438,,736
El Trianon,188.64,47203,Cornellà de Llobregat,4371
Krismanel,188.47,208439,Sant Sadurní d'Anoia,5210
Marne et ChampagneFrança (champagne),188.23,4166,Reims,714
Casa Ravella,188.16,91667,Subirats,5834
GenèriquesFrança (champagne),187.87,5083,-,654
Santo Cristo - M,187.54,27000,Ainzón,3730
Jorba Batlló,186.83,11718,Piera,2680
Peñalba Lopez - E,186.81,54153,Aranda de Duero,3253
Rebotiga d'en Pitarra - Restauració,186.67,12431,Barcelona,3
Arzak - M,186.25,2214,Donostia-San Sebastián,5103
Vallort,186.08,1496,Torrelles de Foix,361
Gora Idiondo i Molina,186.0,52071,La Bisbal del Penedès,4551
Roig - Alemany,185.85,1503,Sant Sadurní d'Anoia,318
Rovira Torres,185.59,3866,,331
Pont Vell - Coop. Sarral,185.43,138904,SARRAL,6504
Vendrell Olivella,185.29,110654,Barcelona,6071
Vinirza,184.5,806,,377
Mas Argany,184.5,204225,Sant Martí Sarroca,8306
Nanci Carol,184.36,18603,,8551
Carolina d'Abril,184.29,33990,Argentona,5972
Bodegas Marcelino Díaz - E,184.08,2736,Almendralejo,3755
Hosta,183.93,21496,,453
Aliron's,183.83,15802,,8503
Marqués de Badajoz - M,183.42,21116,Zafra,3655
A  Angel A Nota de Cata El Celler del Raval,182.74,15380,Terrassa,4212
Vidales Roig,182.55,75546,Nulles,5139
Rella d'Or,182.43,3900,VILAFRANCA DEL PENEDÈS,582
Batec,182.33,125744,Capmany,6412
Clos Lentiscus,182.27,132572,Sant Pere de Ribes,7958
Bonramell,182.22,21144,,8487
Carlos Portabella Coll,182.11,571,,67
La Gramalla,181.93,28685,Sant Sadurní d'Anoia,8633
MalakoffFrança (champagne),181.57,4153,Blancs-Coteaux,782
Kairus,181.21,54724,Font-Rubí,4979
Bufadors,180.59,163597,Sant Sadurní d'Anoia,7541
Lujan,180.57,30541,Sant Sadurní d'Anoia,3549
Robert de Nola,180.4,137778,CASTELLET I LA GORNAL,6885
Lasaleta,180.4,144495,La Granada,4510
Aris Casanovas,180.25,2203,Rubí,8817
Durmat,180.2,3060,Sant Sadurní d'Anoia,119
ChandonArgentina,179.92,17446,Luján de Cuyo,728
Codorniu NapaEstats Units d'Amèrica,179.85,2781,Napa,1095
Charles de CouranceFrança (champagne),179.79,15138,,1597
Papet del Mas,179.73,95316,Fontrubí,4794
Rossinyol de Moragas,179.71,72219,Òdena,5054
Baron-FuentéFrança (champagne),179.05,112473,Charly-sur-Marne,3844
Sieur D'ArquesFrança (mousseux),178.97,42026,Limoux,1043
Cossetània,178.84,1395,Bellvei del Penedès,475
Friguls,178.72,12861,,6304
Delagne & FilsFrança (champagne),178.55,47506,,3742
Moli Parellada - E - (El Xamfra),177.75,178567,Sant Sadurní d'Anoia,9128
Castell dels Sorells - E,177.53,13384,Turis,3290
Espais Mont-Bell-EMB,177.46,86409,Vallromanes,4916
Mayador - E,177.36,62118,Villaviciosa,4803
Dovela,177.09,70320,Sant Sadurní d'Anoia,5039
Mosst Masia Serra,176.87,128048,Figueres,7756
La Crusset,176.72,66746,Vilassar de Mar,5056
Masia el Sot,176.67,40330,Sant Sadurní d'Anoia,3350
Benigne Sanabre,176.39,26992,Bonastre,32
10,176.35,118870,Sant Jaume dels Domenys,6218
Aynés i Roca,176.32,49324,Terrassa,4424
Ariscondel,176.05,1961,Rubí,423
Henri Nouel,175.99,4275,Sant Sadurní d'Anoia,586
Manyé Robert - M,175.4,39511,La Secuita,4500
E Demissy,175.27,56240,Barcelona,4649
Cardoner (M),174.95,39315,,4469
Llusià i Arnal (M.),174.8,1952,Sant Sadurní d'Anoia,4125
Trobades 2008,174.78,39206,-,3776
Blau de Germain,174.19,3836,Les Cabanyes del Penedès,40
Trobades 2007,173.78,15993,-,3393
Addaia,173.55,32739,,8816
Olivella i Bonet,173.54,4727,L'Arboç,8649
Finca La Gramanosa,173.15,87359,Avinyonet del Penedès,9208
Sàniger,172.45,112247,Vilobí del Penedès,1239
Priar,172.37,72215,Sant Sadurní d'Anoia,4915
Bernat de Fortià,172.25,335,Sant Miquel d'Olèrdola,35
Elisabeth Bofill,172.02,1486,Banyeres del Penedès,122
Trobades,171.98,7378,-,104
Ramador,171.92,10240,Pacs del Penedès,6899
Agrícola Bonmas,171.9,36609,Bonastre,5227
Masia Roda Milans,171.9,2063,Sant Martí Sarroca,507
Equilibri Natural Funanbul,170.92,83256,BARCELONA,8791
Enblave S.L.,170.77,41039,Santa Eulàlia de Ronçana,3249
Martí  Llata,170.48,1574,,216
Salvador Mata Oliva,170.36,9375,Sant Sadurní d'Anoia,1073
Veuve AmbalFrança (mousseux),170.23,9321,Montagny-lès-Beaune,1057
Baxaulí,169.98,25581,Vilanova i la Geltrú,4068
Cellers Monserrat,169.24,10872,Mataró,4109
Quod Libet,169.21,3860,Sant Sadurní d'Anoia,301
Enric Morató Iglesias,168.88,51835,-,3273
Bodegas Montcau,168.7,997,Gelida,44
Celler Martín Faixó,168.29,115454,Roses,5769
Llusià i Arnal,168.18,4370,-,201
Formiga & Sicres,167.67,2877,Riudarenes,3497
Fin de Siglo - E,167.59,3599,Santa Crux de Arrabaldo,132
Mar de Frades - E,167.47,98608,Meis,5662
Artexanea Vinicola,167.15,55140,L'Hospitalet de Llobregat,4735
Pitel·lo,166.82,41322,Sant Sadurní d'Anoia,801
Barbaros - Rosado - E,166.55,3172,Sonseca,569
Serralada de Marina,166.53,79444,Martorelles,5229
Angelsa,166.26,98025,Sant Quirze del Vallès,5825
Trobades 2006,166.06,23012,-,3263
Vilardell,165.79,26820,Barcelona,375
Marie StuartFrança (champagne),165.79,8022,Reims,687
Gomà,165.75,57591,,8587
Marqués de Estivella - E,165.59,7841,Estivella,209
Pairet,165.59,10782,,3628
Brut d'ArgentFrança (mousseux),165.38,11637,,3574
2000,165.26,4688,,3931
Coop. El Pla de Santa Maria,165.26,13456,El Pla de Santa Maria,499
Senyor de Montcada,164.97,10390,Sant Sadurní d'Anoia,1238
BerlucchiItàlia,164.95,11198,Corte Franca,786
Mas dels Clavers,164.95,4986,Cabrera d'Anoia,587
"Restauració, sèries",164.94,1610,-,4022
"Dubosc, J.B.",164.79,5365,Sant Sadurní d'Anoia,662
AntechFrança (mousseux),164.65,11767,Limoux,904
El Pomar de Gredos - E,164.54,7521,Hermosillo,3598
Sant Julià,164.27,46523,Sant Julià de Ramis,4331
Dallmayr,164.25,6740,,746
SidraFrança (mousseux),164.21,81035,-,3566
EpernayFrança (champagne),164.11,51470,Épernay,1833
Mas Boter,164.0,202483,AVINYONET DEL PENEDÈS,8300
Joan Serret - M,163.92,30815,CASTALLA,3902
Guardiola Velles,163.92,99377,Sant Sadurní d'Anoia,4069
Beso de Rechenna - E,163.68,62212,Requena,4806
Foixench,163.61,9350,Cervelló,3319
Chatin,163.59,36684,Sant Sadurní d'Anoia,8545
"Clouet, AndréFrança (champagne)",163.47,8688,Bouzy,1639
M T - (Mas Tarragó),163.31,105822,Montblanc,4866
Miquel Roig,163.25,3843,Sant Sadurní d'Anoia,242
Rendé Masdéu,162.71,211306,ESPLUGA DE FRANCOLÍ,7812
Joan Martinez Esquius,162.57,10128,Olesa de Montserrat,3293
Can Paixano,162.55,6444,Barcelona,603
Cremant de BourgogneFrança (mousseux),162.2,8493,Montagny-lès-Beaune,956
Les Champagnes de VigneronsFrança (champagne),162.13,11761,,742
Balaguer Fité,162.01,1439,,21
CarpenèItàlia,161.88,2869,Conegliano,881
Can Festís,161.79,24859,Sant Sadurní d'Anoia,5284
Agrícola de L'Albi,161.64,34468,L'Albi,4491
Txomin Etxaniz (Txakolina) - E,161.1,17487,Getaria,3346
1999,160.89,61780,Caldes de Malavella,6522
Casa Murada,160.82,85386,Castellet i La Gornal,5013
ValdoItàlia,160.43,16109,Valdobbiadene,720
González Dubosc,159.76,7685,Sant Sadurní d'Anoia,766
Josep Font Verdiell,159.73,53669,Sant Sadurní d'Anoia,4569
Liorna,159.56,18138,Sant Sadurní d'Anoia,3330
FerrariItàlia,159.11,2896,Trento,669
Vila Morgades,159.01,12406,Castellví de la Marca,370
Pryca,158.73,4894,Alcobendas,297
Aldebaran,158.52,35235,Sant Sadurní d'Anoia,3567
Trobades 2009,158.18,48900,-,4329
Borgo MolinoItàlia,158.07,60074,Ormelle,4753
Charles VolnerFrança (mousseux),157.92,12648,Tournan-en-Brie,938
Mas Gamell,157.82,828,Vilamalla,446
"Commemoratives, sèries",157.56,26069,-,4021
Torre del Gall,157.36,8988,Sant Cugat Sesgarrigues,879
Alatac,156.61,119402,La Pobla de Montornés,6227
Bodegas Ruiz Torres - E,156.61,25395,Cañamero,3703
Duval - LeroyFrança (champagne),156.57,5244,Blancs-Coteaux,1823
"Mitjavila - ara, Cellers Camp de Tarragona",156.38,1418,La Secuita,245
Lembey,156.31,7840,Sant Sadurní d'Anoia,197
Frizzantino - E,155.85,16055,Madrid,3384
Most Doré - M,155.77,748,Sant Sadurní d'Anoia,256
Àtica,155.5,72454,El Pla del Penedès,4536
Estruch,155.43,175444,Sant Sadurní d'Anoia,7849
Terra de Marca (M.),155.14,438,Castellví de la Marca,4197
Llisuá,155.04,37842,Pacs del Penedès,3368
Berenguer d'Esplá,154.71,45661,,8570
Montsegú,154.34,877,,255
Gran Bocam,154.32,4557,,8600
Mon Pais,153.98,25507,Sant Sadurní d'Anoia,8560
Peirató i Canal,153.91,22260,El Papiol,3466
Mistinguett Plume,153.89,165021,Vilobí del Penedès,7569
Vernet,153.68,9086,Santa Margarida i els Monjos,365
Terraferma,153.61,63082,,8435
Albert Oliva,153.49,50666,Roda de Ter,8450
Ducal Oliver,153.29,122957,Sant Sadurní d'Anoia,117
Cava Lladó,152.7,24842,,856
Genèriques - EscutFrança (champagne),152.65,4696,-,3984
Snou,152.54,98966,La Nou de Gaià,7551
Mercè Rocamora,152.47,72691,Sant Sadurní d'Anoia,4369
Espiturella,152.24,75259,,8818
Rimarts Uvae,152.13,159147,Sant Sadurní d'Anoia,584
Tarré & Miró,152.08,1944,,347
Rostei,152.01,9222,Begur,327
Foss MaraiItàlia,151.36,2812,Valdobbiadene,889
Badamoni,151.34,48689,Badalona,4476
AyalaFrança (champagne),151.3,3657,Aÿ-Champagne,695
Grup Penya Barcelonista de Col·leccionistes de Plaques de Cava,151.27,112044,Barcelona,5689
Sardà,151.15,96975,Castellví de la Marca,5645
I Tant,151.15,160808,Barcelona,7709
Añares Terranova - E,150.99,30244,Logroño,510
Villa SandiItàlia,150.97,2867,Crocetta del Montello,883
Trobades 2010,150.75,64673,-,4714
TelmontFrança (champagne),150.28,4039,Damery,2568
D.G. Viticultors,149.94,70167,Torrellas de Foix,5434
MaschioItàlia,149.93,68451,Vazzola,3010
Trobades 2002,149.54,7383,-,791
"Moncuit, PierreFrança (champagne)",149.52,10861,Le Mesnil-sur-Oger,2275
Torres Sangre de Toro,149.43,170678,Vilafranca del Penedès,8066
La Vida al Camp,149.34,98160,Sant Sadurní d'Anoia,6564
Castell de Recasens,149.33,12293,Vilamalla,3462
Caves de LandirasFrança (mousseux),149.23,27967,,5554
Miquel de Marc,149.1,120013,Sant Joan Les Fonts,7021
Jordi Melendo,149.1,1430,,179
Bodegas Luis Alegre - M,149.09,35786,Laguardia,4089
"Trobades, sèries",149.02,25238,-,3723
Mumm & CoAlemanya,148.62,2755,Hochheim am Main,708
Sicus Sons,148.47,135061,Bonastre,6803
Algendaret,148.11,4388,GELIDA,554
Trobades 2001,148.11,3641,-,790
El Miracle - de Hoya de Cadenas - M,147.59,63114,Chiva,4723
Nussal,147.58,66135,Vilafranca del Penedès,4359
Míriam Buitrago,147.28,74086,Comarruga,6507
3 de 8,147.03,173265,Masquefa,7816
Pau Guimerà,147.02,81633,Caldes de Malavella,4578
Celebracions,146.75,12178,-,109
Rotxa,146.68,73089,Torrelavit,5774
Botigues - Cal Boter,146.55,17429,,487
Masia Gironella,146.51,10307,Llambilles,234
Saint Vignon,146.23,12457,Les Cabanyes del Penedès,335
CancenFrança (mousseux),146.17,18532,,3328
Mas de la Sabatera,146.14,119971,Montblanc,6463
Saumell,146.08,12444,,574
Claver,145.93,19192,,3332
Trobades 2014,145.85,119086,-,5989
Elilis,145.8,149321,Figueres,5822
Gomà (M.),145.31,28518,Barcelona,4121
Heretat de Sangenís,145.28,70050,Pacs del Penedès,4862
Viña Abarando - M,145.21,28431,Cariñena,4445
Caldereta,145.01,11212,MANRESA,4354
Castell de Palafolls,144.97,82233,Palafolls,5154
Coop. Ulldecona,144.79,10009,Ulldecona,3385
"Particulars, sèries",144.43,8761,-,4518
Mercè Duffour,144.31,40539,Sabadell,4206
Murad-Rahims,144.17,34227,Castellví de la Marca,3565
Comte Arnau,143.87,87914,Sant Esteve Sesrovires,3486
Bodegas Matarromera - E,143.68,48059,Valbuena de Duero,4392
Griselda,143.24,119946,Sant Sadurní d'Anoia,6282
ChampomyFrança (mousseux),143.2,263,,3614
Olimer,142.85,87083,,8480
Jose Mª Sogas Mascaró,142.7,236230,Vilafranca del Penedès,8846
4 arreplegats,142.69,151654,Castellfollit del Boix,7271
Artesanos Vino Valencia (One) - E,142.27,29166,València,3380
Àngel Gustà,142.24,83721,Sant Sadurní d'Anoia,4995
Previte,141.98,712,,295
Trobades 2003,141.69,9826,-,792
BouillotFrança (mousseux),141.34,9312,Nuits-Saint-Georges,915
Pont Romà,141.28,135175,Sant Sadurní d'Anoia,6667
Celler Pascual,141.08,68274,Els Hostalets de Pierola,3679
La VersaItàlia,141.06,4147,Santa Maria della Versa,841
Abelles de Mas Quadrell,140.52,4390,Sitges,588
Gatius Valles,140.39,16607,,3298
Grup Plaques de la Cris,140.39,57571,-,5433
Salsench,140.32,32156,,8496
Charmier,140.25,4480,,87
Veuve du VernayFrança (mousseux),139.95,4697,Beaune,1061
Torrents Carbó - (M.),139.92,169317,Vilanova i la Geltrú,7032
Mas del Bosch,139.53,82197,Sant Sadurní d'Anoia,5238
Mas Rabassa,139.51,851,Olèrdola,228
Bottega SandroItàlia,139.42,8840,Godega di Sant'Urbano,836
Marc Marti Ramon - MM,139.28,107842,Barcelona,5957
Raigal - E,139.17,2982,Almonte,304
Balandrau,139.15,87162,,8459
TsarineFrança (champagne),139.11,8157,Reims,2597
JaillanceFrança (mousseux),139.05,124445,Die,992
Bodegas Cabal - E,138.86,108616,Ainzón,5763
Dolores Ferrer by Freixenet,138.59,13106,Sant Sadurní d'Anoia,7808
Charles HeidsieckFrança (champagne),138.37,8360,Reims,709
Celler Cooperatiu de Batea,138.08,121283,Batea,5480
Bella Conchi - Bodegas Bella Conchi,137.49,106232,Vila-Rodona,6975
Heretat Lluch,137.47,810,Sant Quintí de Mediona,434
Sant'OrsolaItàlia,137.42,121383,Cossano Belbo,867
Sabaté Butí,137.17,9389,Sant Sadurní d'Anoia,413
Valls Roure,137.03,113055,Terrassa,5228
Varis Pirules,136.66,8766,-,2678
Hinse,136.52,34178,Sant Sadurní d'Anoia,6923
Trobades 2011,136.03,86394,-,5067
Celler Grapissó,135.99,180673,La Llacuna,6513
Heidsieck et C°França (champagne),135.69,145658,Reims,8758
